"center_code_anon","source_key_type","source_key_value","center_name","ministry","first_year_be","last_year_be","record_count"
"SCH_G3_0001","user_code","7222021101","รร.ตชด.บ้านน้ำแดง","สำนักงานตำรวจแห่งชาติ","2563","2567","3"
"SCH_G3_0002","user_code","7222051102","รร.ตชด.บ้านคลองมะลิประเวศน์วิทยา","สำนักงานตำรวจแห่งชาติ","2563","2568","4"
"SCH_G3_0003","user_code","7222071103","รร.ตชด.สิงคโปร์แอร์ไลน์สฯ","สำนักงานตำรวจแห่งชาติ","2563","2568","5"
"SCH_G3_0004","user_code","7222081104","รร.ตชด.บ้านบ่อชะอม","สำนักงานตำรวจแห่งชาติ","2563","2568","4"
"SCH_G3_0005","user_code","7222081105","รร.ตชด.บ้านหางแมว","สำนักงานตำรวจแห่งชาติ","2563","2568","4"
"SCH_G3_0006","user_code","7222081108","รร.ตชด.บ้านคลองแดง","สำนักงานตำรวจแห่งชาติ","2563","2568","6"
"SCH_G3_0007","user_code","7223011106","รร.ตชด.บ้านท่ากุ่ม","สำนักงานตำรวจแห่งชาติ","2563","2568","6"
"SCH_G3_0008","user_code","7223031107","รร.ตชด.บ้านเขาฉลาด","สำนักงานตำรวจแห่งชาติ","2563","2568","6"
"SCH_G3_0009","user_code","7224081210","รร.ตชด.บ้านนายาว","สำนักงานตำรวจแห่งชาติ","2563","2568","6"
"SCH_G3_0010","user_code","7224081211","รร.ตชด.บ้านนาอิสาน","สำนักงานตำรวจแห่งชาติ","2565","2568","4"
"SCH_G3_0011","user_code","7227021205","รร.ตชด.การบินไทย","สำนักงานตำรวจแห่งชาติ","2563","2568","5"
"SCH_G3_0012","user_code","7227041208","รร.ตชด.บ้านคลองตะเคียนชัย","สำนักงานตำรวจแห่งชาติ","2564","2568","5"
"SCH_G3_0013","user_code","7227061201","รร.ตชด.บ้านเขาสารภี","สำนักงานตำรวจแห่งชาติ","2564","2568","5"
"SCH_G3_0014","user_code","7227061206","รร.ตชด.ประชารัฐบำรุง 1","สำนักงานตำรวจแห่งชาติ","2563","2568","6"
"SCH_G3_0015","user_code","7227071209","รร.ตชด.บ้านน้ำอ้อม","สำนักงานตำรวจแห่งชาติ","2563","2568","6"
"SCH_G3_0016","user_code","7227091202","รร.ตชด.บ้านทุ่งกบินทร์","สำนักงานตำรวจแห่งชาติ","2563","2568","5"
"SCH_G3_0017","user_code","7227091203","รร.ตชด.วังศรีทอง","สำนักงานตำรวจแห่งชาติ","2563","2568","6"
"SCH_G3_0018","user_code","7227091212","รร.ตชด.พีระยานุเคราะห์ฯ 1","สำนักงานตำรวจแห่งชาติ","2563","2568","6"
"SCH_G3_0019","user_code","7231122109","ศกร.ตชด.ทรัพย์ทรายทอง","สำนักงานตำรวจแห่งชาติ","2566","2566","1"
"SCH_G3_0020","user_code","7232052103","รร.ตชด.พีระยานุเคราะห์ฯ 2","สำนักงานตำรวจแห่งชาติ","2563","2568","6"
"SCH_G3_0021","user_code","7232062108","รร.ตชด.ท่านผู้หญิงสุประภาดา  เกษมสันต์","สำนักงานตำรวจแห่งชาติ","2566","2568","3"
"SCH_G3_0022","user_code","7232102105","รร.ตชด.บ้านตาตุม","สำนักงานตำรวจแห่งชาติ","2563","2568","6"
"SCH_G3_0023","user_code","7232102106","รร.ตชด.บ้านตาแตรว","สำนักงานตำรวจแห่งชาติ","2563","2568","6"
"SCH_G3_0024","user_code","7232132102","รร.ตชด.บ้านซำปะโต","สำนักงานตำรวจแห่งชาติ","2564","2568","5"
"SCH_G3_0025","user_code","7232132104","รร.ตชด.บ้านรุน","สำนักงานตำรวจแห่งชาติ","2564","2568","4"
"SCH_G3_0026","user_code","7232142101","รร.ตชด.บ้านโคกแสลง","สำนักงานตำรวจแห่งชาติ","2563","2568","6"
"SCH_G3_0027","user_code","7233042210","รร.ตชด.บ้านหนองใหญ่","สำนักงานตำรวจแห่งชาติ","2563","2566","2"
"SCH_G3_0028","user_code","7234032201","รร.ตชด.บรรจบพันบ้านปากลา","สำนักงานตำรวจแห่งชาติ","2566","2566","1"
"SCH_G3_0029","user_code","7234092203","รร.ตชด.บ้านคำสะอาด","สำนักงานตำรวจแห่งชาติ","2565","2568","4"
"SCH_G3_0030","user_code","7234092204","รร.ตชด.บ้านท่าแสนคูณ","สำนักงานตำรวจแห่งชาติ","2563","2568","4"
"SCH_G3_0031","user_code","7234092212","ศกร.ตชด.บ้านหนองบัวพัฒนา","สำนักงานตำรวจแห่งชาติ","2563","2568","4"
"SCH_G3_0032","user_code","7234102209","รร.ตชด.ศาสตราจารย์ ดอกเตอร์เนวิน สคริมชอว์","สำนักงานตำรวจแห่งชาติ","2566","2568","3"
"SCH_G3_0033","user_code","7234172215","ศกร.ตชด.เอไอเอ ประเทศไทย (บ้านบ๋าฮี)","สำนักงานตำรวจแห่งชาติ","2563","2566","2"
"SCH_G3_0034","user_code","7234252208","รร.ตชด.บ้านแก่งศรีโคตร","สำนักงานตำรวจแห่งชาติ","2566","2567","2"
"SCH_G3_0035","user_code","7234252211","ศกร.ตชด.ชุมชนป่าหญ้าคา","สำนักงานตำรวจแห่งชาติ","2563","2566","3"
"SCH_G3_0036","user_code","7234272214","ศกร.ตชด.พิทักษ์ปัญญา","สำนักงานตำรวจแห่งชาติ","2563","2566","2"
"SCH_G3_0037","user_code","7234332202","รร.ตชด.บ้านตาเอ็ม","สำนักงานตำรวจแห่งชาติ","2566","2566","1"
"SCH_G3_0038","user_code","7237022207","รร.ตชด.บ้านห้วยฆ้อง","สำนักงานตำรวจแห่งชาติ","2563","2568","3"
"SCH_G3_0039","user_code","7237022216","รร.ตชด.บ้านห้วยกระแสน","สำนักงานตำรวจแห่งชาติ","2563","2566","2"
"SCH_G3_0040","user_code","7237112213","ศกร.ตชด.บ้านภูดานกอย","สำนักงานตำรวจแห่งชาติ","2563","2568","4"
"SCH_G3_0041","user_code","7238012406","รร.ตชด.บ้านห้วยดอกไม้","สำนักงานตำรวจแห่งชาติ","2563","2567","4"
"SCH_G3_0042","user_code","7238012411","รร.ตชด.บ้านหนองตะไก้","สำนักงานตำรวจแห่งชาติ","2563","2568","5"
"SCH_G3_0043","user_code","7238012412","รร.ตชด.บ้านนาแวง","สำนักงานตำรวจแห่งชาติ","2563","2568","6"
"SCH_G3_0044","user_code","7238152417","รร.ตชด.บ้านคำชมภู","สำนักงานตำรวจแห่งชาติ","2563","2567","3"
"SCH_G3_0045","user_code","7238152418","รร..ตชด.บ้านไทยเสรี","สำนักงานตำรวจแห่งชาติ","2563","2564","2"
"SCH_G3_0046","user_code","7241182415","รร.ตชด.บ้านเทพภูเงิน","สำนักงานตำรวจแห่งชาติ","2563","2568","5"
"SCH_G3_0047","user_code","7241222404","รร.ตชด.บ้านห้วยเวียงงาม","สำนักงานตำรวจแห่งชาติ","2563","2563","1"
"SCH_G3_0048","user_code","7241222409","รร.ตชด.บ้านเมืองทอง","สำนักงานตำรวจแห่งชาติ","2563","2566","2"
"SCH_G3_0049","user_code","7241222413","รร.ตชด.บ้านนาชมภู","สำนักงานตำรวจแห่งชาติ","2563","2568","6"
"SCH_G3_0050","user_code","7242022408","รร.ตชด.บ้านหนองแคน","สำนักงานตำรวจแห่งชาติ","2563","2566","4"
"SCH_G3_0051","user_code","7242042402","รร.ตชด.บ้านห้วยเป้า","สำนักงานตำรวจแห่งชาติ","2563","2568","6"
"SCH_G3_0052","user_code","7242042405","รร.ตชด.ฮิลมาร์พาเบิล","สำนักงานตำรวจแห่งชาติ","2563","2568","6"
"SCH_G3_0053","user_code","7242042407","รร.ตชด.บ้านนานกปีด","สำนักงานตำรวจแห่งชาติ","2563","2568","5"
"SCH_G3_0054","user_code","7242052401","รร.ตชด.เฉลิมราษฎร์บำรุง","สำนักงานตำรวจแห่งชาติ","2563","2567","2"
"SCH_G3_0055","user_code","7242062414","รร.ตชด.บ้านนาปอ","สำนักงานตำรวจแห่งชาติ","2563","2567","2"
"SCH_G3_0056","user_code","7242132410","รร.ตชด.บ้านวังชมภู","สำนักงานตำรวจแห่งชาติ","2563","2568","5"
"SCH_G3_0057","user_code","7247152307","รร.ตชด.ค็อกนิสไทยฯ","สำนักงานตำรวจแห่งชาติ","2563","2568","5"
"SCH_G3_0058","user_code","7248032301","รร.ตชด.ชูทิศวิทยา","สำนักงานตำรวจแห่งชาติ","2563","2566","4"
"SCH_G3_0059","user_code","7248032303","รร.ตชด.บ้านหาดทรายเพ","สำนักงานตำรวจแห่งชาติ","2563","2567","5"
"SCH_G3_0060","user_code","7248032309","ศกร.ตชด.บ้านนากระเสริม","สำนักงานตำรวจแห่งชาติ","2563","2567","5"
"SCH_G3_0061","user_code","7248042310","ศกร.ตชด.บ้านปากห้วยม่วง","สำนักงานตำรวจแห่งชาติ","2563","2568","6"
"SCH_G3_0062","user_code","7248102304","รร.ตชด.บ้านหนองดู่","สำนักงานตำรวจแห่งชาติ","2563","2563","1"
"SCH_G3_0063","user_code","7248112302","รร.ตชด.ช่างกลปทุมวันอนุสรณ์ 8","สำนักงานตำรวจแห่งชาติ","2563","2568","6"
"SCH_G3_0064","user_code","7248112305","รร.ตชด.บ้านนาสามัคคี","สำนักงานตำรวจแห่งชาติ","2563","2566","4"
"SCH_G3_0065","user_code","7249042308","รร.ตชด.การท่าอากาศยานฯ (ขยายโอกาส)","สำนักงานตำรวจแห่งชาติ","2568","2568","1"
"SCH_G3_0066","user_code","7249052311","ศกร.ตชด.ใต้ร่มพระบารมี (ธนาคารอาคารสงเคราะห์อุปถัมภ์)","สำนักงานตำรวจแห่งชาติ","2563","2568","6"
"SCH_G3_0067","user_code","7250030005","ศกร.ตชด.สนั่น-เฉลิมเกตุ นภาศัพท์","สำนักงานตำรวจแห่งชาติ","2564","2567","4"
"SCH_G3_0068","user_code","7250033310","รร.ตชด.บ้านแม่ลอง","สำนักงานตำรวจแห่งชาติ","2563","2568","5"
"SCH_G3_0069","user_code","7250033314","รร.ตชด.บ้านใหม่พัฒนาสันติ","สำนักงานตำรวจแห่งชาติ","2563","2568","6"
"SCH_G3_0070","user_code","7250033332","รร.ตชด.บางกอก เชฟ แชร์ริตี้ บ้านแม่ขอ","สำนักงานตำรวจแห่งชาติ","2563","2568","6"
"SCH_G3_0071","user_code","7250033333","ศกร.ตชด.บ้านแม่มุใน (บริษัท ซี เค พาวเวอร์ จำกัด (มหาชน)อุปถัมภ์)","สำนักงานตำรวจแห่งชาติ","2563","2568","6"
"SCH_G3_0072","user_code","7250043311","รร.ตชด.เฉลิมพระเกียรติฯ","สำนักงานตำรวจแห่งชาติ","2563","2568","6"
"SCH_G3_0073","user_code","7250043316","รร.ตชด.บ้านหนองแขม","สำนักงานตำรวจแห่งชาติ","2563","2567","5"
"SCH_G3_0074","user_code","7250063315","รร.ตชด.ไลออนส์มหาจักร 9","สำนักงานตำรวจแห่งชาติ","2563","2568","6"
"SCH_G3_0075","user_code","7250093302","รร.ตชด.อาโอยาม่า","สำนักงานตำรวจแห่งชาติ","2563","2568","6"
"SCH_G3_0076","user_code","7250103301","รร.ตชด.เฮียงไทยธำรงค์","สำนักงานตำรวจแห่งชาติ","2563","2568","6"
"SCH_G3_0077","user_code","7250103307","รร.ตชด.ทุติยะโพธิ์อนุสรณ์","สำนักงานตำรวจแห่งชาติ","2563","2568","5"
"SCH_G3_0078","user_code","7250113304","รร.ตชด.เจ้าพ่อหลวงอุปถัมภ์ 2","สำนักงานตำรวจแห่งชาติ","2563","2568","6"
"SCH_G3_0079","user_code","7250183318","รร.ตชด.รางวัลอินทิรา  คานธี","สำนักงานตำรวจแห่งชาติ","2563","2568","6"
"SCH_G3_0080","user_code","7250183319","รร.ตชด.ท่านผู้หญิงประไพ ศิวะโกเศศ","สำนักงานตำรวจแห่งชาติ","2563","2566","2"
"SCH_G3_0081","user_code","7250183326","รร.ตชด.บางกอก เชฟ แชร์ริตี้","สำนักงานตำรวจแห่งชาติ","2563","2568","6"
"SCH_G3_0082","user_code","7250183336","ศูนย์การเรียนตำรวจตระเวนชายแดนพระยาประสาทธาตุการย์และคุณหญิงวาส (ประนิช)","สำนักงานตำรวจแห่งชาติ","2568","2568","1"
"SCH_G3_0083","user_code","7250203303","รร.ตชด.เบญจมะ 1","สำนักงานตำรวจแห่งชาติ","2568","2568","1"
"SCH_G3_0084","user_code","7250283334","ศกร.ตชด.บ้านนามะอื้น","สำนักงานตำรวจแห่งชาติ","2563","2567","5"
"SCH_G3_0085","user_code","7253063101","รร.ตชด.บุญธรรม-บุญพรั้ง","สำนักงานตำรวจแห่งชาติ","2563","2568","6"
"SCH_G3_0086","user_code","7253063105","รร.ตชด.ยอดโพธิ์ทอง 1","สำนักงานตำรวจแห่งชาติ","2563","2568","6"
"SCH_G3_0087","user_code","7255013224","ศกร.ตชด.บ้านห้วยลู่","สำนักงานตำรวจแห่งชาติ","2563","2568","6"
"SCH_G3_0088","user_code","7255023216","รร.ตชด.พีระยานุเคราะห์ฯ 3","สำนักงานตำรวจแห่งชาติ","2563","2568","6"
"SCH_G3_0089","user_code","7255123217","รร.ตชด.เฉลิมฉลอง 100 ปีฯ","สำนักงานตำรวจแห่งชาติ","2563","2568","5"
"SCH_G3_0090","user_code","7256033223","ศูนย์การเรียนตำรวจตระเวนชายแดนอินทรีอาสา (บ้านห้วยปุ้ม)","สำนักงานตำรวจแห่งชาติ","2567","2568","2"
"SCH_G3_0091","user_code","7256063211","รร.ตชด.เบ็ตตี้ดูเมน","สำนักงานตำรวจแห่งชาติ","2563","2568","6"
"SCH_G3_0092","user_code","7256113223","ศกร.ตชด.อินทรีอาสา (บ้านห้วยปุ้ม)","สำนักงานตำรวจแห่งชาติ","2563","2566","4"
"SCH_G3_0093","user_code","7257013213","รร.ตชด.เทคนิคดุสิต","สำนักงานตำรวจแห่งชาติ","2563","2568","6"
"SCH_G3_0094","user_code","7257013222","ศกร.ตชด.บ้านจะนู (จิราธิวัฒน์อุปถัมภ์)","สำนักงานตำรวจแห่งชาติ","2563","2568","5"
"SCH_G3_0095","user_code","7257033203","รร.ตชด.อาชีวศึกษา เชียงราย-พะเยา","สำนักงานตำรวจแห่งชาติ","2563","2568","5"
"SCH_G3_0096","user_code","7257103201","รร.ตชด.บ้านดอยล้าน *","สำนักงานตำรวจแห่งชาติ","2563","2568","6"
"SCH_G3_0097","user_code","7257103221","ศกร.ตชด.อินทรีอาสา (บ้านห้วยน้ำกืน)","สำนักงานตำรวจแห่งชาติ","2563","2567","3"
"SCH_G3_0098","user_code","7257133206","รร.ตชด.ชนัตถ์ปิยะอุย","สำนักงานตำรวจแห่งชาติ","2563","2568","5"
"SCH_G3_0099","user_code","7257133219","ศกร.ตชด.บ้านฟ้าไทยงาม","สำนักงานตำรวจแห่งชาติ","2563","2568","5"
"SCH_G3_0100","user_code","7257133220","ศกร.ตชด.บ้านห้วยกุ๊ก","สำนักงานตำรวจแห่งชาติ","2563","2568","5"
"SCH_G3_0101","user_code","7257153208","รร.ตชด.เจ้าพ่อหลวงอุปถัมภ์ 4 *","สำนักงานตำรวจแห่งชาติ","2563","2568","5"
"SCH_G3_0102","user_code","7257153210","รร.ตชด.บำรุงที่ 112 *","สำนักงานตำรวจแห่งชาติ","2563","2564","2"
"SCH_G3_0103","user_code","7257153214","รร.ตชด.สังวาลย์วิท 8 *","สำนักงานตำรวจแห่งชาติ","2563","2568","4"
"SCH_G3_0104","user_code","7258013323","ศกร.ตชด.บ้านดอยแสง","สำนักงานตำรวจแห่งชาติ","2563","2568","6"
"SCH_G3_0105","user_code","7258023328","ศกร.ตชด.บ้านห้วยโปงเลา","สำนักงานตำรวจแห่งชาติ","2563","2568","4"
"SCH_G3_0106","user_code","7258033331","ศูนย์การเรียนตำรวจตระเวนชายแดนบำรุงที่ 114","สำนักงานตำรวจแห่งชาติ","2567","2568","2"
"SCH_G3_0107","user_code","7258043320","ศกร.ตชด.บ้านโกแประ","สำนักงานตำรวจแห่งชาติ","2563","2568","4"
"SCH_G3_0108","user_code","7258043321","ศกร.ตชด.บ้านปอหมื้อ","สำนักงานตำรวจแห่งชาติ","2563","2568","6"
"SCH_G3_0109","user_code","7258043322","รร.ตชด.๙๐๕","สำนักงานตำรวจแห่งชาติ","2563","2568","4"
"SCH_G3_0110","user_code","7258043327","ศกร.ตชด.บ้านแม่เหลอ","สำนักงานตำรวจแห่งชาติ","2563","2568","6"
"SCH_G3_0111","user_code","7258053308","รร.ตชด.บ้านแม่ลางิ้ว","สำนักงานตำรวจแห่งชาติ","2563","2567","4"
"SCH_G3_0112","user_code","7258053309","รร.ตชด.บ้านตุน","สำนักงานตำรวจแห่งชาติ","2563","2568","6"
"SCH_G3_0113","user_code","7258063329","ศกร.ตชด.บ้านห้วยมะโอ","สำนักงานตำรวจแห่งชาติ","2563","2568","5"
"SCH_G3_0114","user_code","7258073305","รร.ตชด.ชมรมอนุรักษ์พุทธศิลปไทยอนุสรณ์","สำนักงานตำรวจแห่งชาติ","2563","2568","6"
"SCH_G3_0115","user_code","7258073313","รร.ตชด.ชมรมอนุรักษ์พุทธศิลปไทยอนุสรณ์ 2","สำนักงานตำรวจแห่งชาติ","2563","2568","6"
"SCH_G3_0116","user_code","7258073324","ศกร.ตชด.เฉลิมพระเกียรติ ฯ บ้านน้ำบ่อสะเป่","สำนักงานตำรวจแห่งชาติ","2563","2567","4"
"SCH_G3_0117","user_code","7258133330","ศกร.ตชด.พลเอก อรชุน พิบูลนครินทร์","สำนักงานตำรวจแห่งชาติ","2563","2568","6"
"SCH_G3_0118","user_code","7258153331","รร.ตชด.บำรุงที่ 114","สำนักงานตำรวจแห่งชาติ","2563","2564","2"
"SCH_G3_0119","user_code","7263043403","รร.ตชด.เฉลิมพระเกียรติ 7 รอบฯ (บ้านแพะ จังหวัดตาก)","สำนักงานตำรวจแห่งชาติ","2563","2566","3"
"SCH_G3_0120","user_code","7263043419","รร.ตชด.หม่อมราชวงศ์เฉลิมลักษณ์ จันทรเสน (ขยายโอกาส)","สำนักงานตำรวจแห่งชาติ","2563","2568","5"
"SCH_G3_0121","user_code","7263043420","ศกร.ตชด.บ้านทีวะเบยทะ *","สำนักงานตำรวจแห่งชาติ","2563","2568","6"
"SCH_G3_0122","user_code","7263043421","ศกร.ตชด.บ้านวะกะเลโค๊ะ *(เอ็ม เอส ไอ จี อุปถัมภ์)","สำนักงานตำรวจแห่งชาติ","2563","2568","6"
"SCH_G3_0123","user_code","7263043422","ศกร.ตชด.บ้านเลผะสุคี *","สำนักงานตำรวจแห่งชาติ","2563","2568","6"
"SCH_G3_0124","user_code","7263043427","ศกร.ตชด.บ้านห้วยสลุง","สำนักงานตำรวจแห่งชาติ","2563","2568","5"
"SCH_G3_0125","user_code","7263043428","ศูนย์การเรียนตำรวจตระเวนชายแดนธนาคารออมสินอุปถัมภ์ (บ้านเทอคี)","สำนักงานตำรวจแห่งชาติ","2565","2568","4"
"SCH_G3_0126","user_code","7263053402","รร.ตชด.จุฬา - ธรรมศาสตร์ 3","สำนักงานตำรวจแห่งชาติ","2563","2568","6"
"SCH_G3_0127","user_code","7263053404","รร.ตชด.เทคนิคอาสา 1","สำนักงานตำรวจแห่งชาติ","2563","2567","5"
"SCH_G3_0128","user_code","7263053409","รร.ตชด.บ้านกามาผาโด้","สำนักงานตำรวจแห่งชาติ","2563","2568","6"
"SCH_G3_0129","user_code","7263053414","ศกร.ตชด.บ้านแม่อมยะ *","สำนักงานตำรวจแห่งชาติ","2563","2565","3"
"SCH_G3_0130","user_code","7263053415","ศกร.ตชด.บ้านแม่ละนา *","สำนักงานตำรวจแห่งชาติ","2563","2566","4"
"SCH_G3_0131","user_code","7263053416","ศกร.ตชด.บ้านพอบือละคี *","สำนักงานตำรวจแห่งชาติ","2563","2568","6"
"SCH_G3_0132","user_code","7263053417","ศกร.ตชด.บ้านแม่หละคี *","สำนักงานตำรวจแห่งชาติ","2563","2568","6"
"SCH_G3_0133","user_code","7263053418","ศกร.ตชด.บ้านคะเนจือทะ *","สำนักงานตำรวจแห่งชาติ","2563","2566","4"
"SCH_G3_0134","user_code","7263053423","ศกร.ตชด.บ้านเลโพเด *","สำนักงานตำรวจแห่งชาติ","2565","2568","3"
"SCH_G3_0135","user_code","7263053424","ศกร.ตชด.บ้านตีนดอย *","สำนักงานตำรวจแห่งชาติ","2563","2568","6"
"SCH_G3_0136","user_code","7263063412","รร.ตชด.ท่านผู้หญิงทวี มณีนุตร","สำนักงานตำรวจแห่งชาติ","2563","2568","6"
"SCH_G3_0137","user_code","7263063425","รร.ตชด.ศาสตราจารย์สำเภา-ไพวรรณ วรางกูร","สำนักงานตำรวจแห่งชาติ","2563","2568","6"
"SCH_G3_0138","user_code","7263083405","รร.ตชด.บ้านแม่กลองคี","สำนักงานตำรวจแห่งชาติ","2563","2566","4"
"SCH_G3_0139","user_code","7263083407","รร.ตชด.บ้านเลตองคุ","สำนักงานตำรวจแห่งชาติ","2563","2565","3"
"SCH_G3_0140","user_code","7263083408","รร.ตชด.บ้านแม่จันทะ","สำนักงานตำรวจแห่งชาติ","2563","2568","6"
"SCH_G3_0141","user_code","7263083411","รร.ตชด.เฉลิมพระเกียรติ 7 รอบฯ (บ้านหม่องกั๊วะ จังหวัดตาก)","สำนักงานตำรวจแห่งชาติ","2563","2568","5"
"SCH_G3_0142","user_code","7263133426","ศกร.ตชด.พระยาประสาทธาตุการย์และคุณหญิงวาส (ประนิช)","สำนักงานตำรวจแห่งชาติ","2563","2566","3"
"SCH_G3_0143","user_code","7265023104","รร.ตชด.อาทรอุทิศ","สำนักงานตำรวจแห่งชาติ","2563","2568","6"
"SCH_G3_0144","user_code","7265033102","รร.ตชด.บ้านลาดเรือ","สำนักงานตำรวจแห่งชาติ","2563","2568","4"
"SCH_G3_0145","user_code","7265033106","รร.ตชด.บ้านรักไทย","สำนักงานตำรวจแห่งชาติ","2563","2568","6"
"SCH_G3_0146","user_code","7265033107","รร.ตชด.บ้านนุชเทียน","สำนักงานตำรวจแห่งชาติ","2563","2568","6"
"SCH_G3_0147","user_code","7267023103","รร.ตชด.บ้านโป่งตะแบก","สำนักงานตำรวจแห่งชาติ","2566","2568","3"
"SCH_G3_0148","user_code","7270031306","รร.ตชด.ตะโกปิดทอง","สำนักงานตำรวจแห่งชาติ","2563","2568","6"
"SCH_G3_0149","user_code","7270031309","รร.ตชด.บ้านถ้ำหิน","สำนักงานตำรวจแห่งชาติ","2563","2568","6"
"SCH_G3_0150","user_code","7271021305","รร.ตชด.บ้านแม่น้ำน้อย","สำนักงานตำรวจแห่งชาติ","2563","2568","6"
"SCH_G3_0151","user_code","7271021307","รร.ตชด.เฮงเค็ลไทย","สำนักงานตำรวจแห่งชาติ","2563","2568","6"
"SCH_G3_0152","user_code","7271021308","รร.ตชด.ต้นมะม่วง","สำนักงานตำรวจแห่งชาติ","2563","2568","6"
"SCH_G3_0153","user_code","7271021313","รร.ตชด.วัดสุธาสินี","สำนักงานตำรวจแห่งชาติ","2563","2568","6"
"SCH_G3_0154","user_code","7271041303","รร.ตชด.มิตรมวลชน 2","สำนักงานตำรวจแห่งชาติ","2563","2568","6"
"SCH_G3_0155","user_code","7271041316","ศูนย์การเรียนตำรวจตระเวนชายแดนปูนอินทรี-มูลนิธิกรุงศรี(บ้านไกรเกรียง)","สำนักงานตำรวจแห่งชาติ","2563","2568","6"
"SCH_G3_0156","user_code","7271071304","รร.ตชด.วิจิตรวิทยาคาร","สำนักงานตำรวจแห่งชาติ","2563","2568","6"
"SCH_G3_0157","user_code","7271071312","รร.ตชด.บ้านปิล๊อกคี่","สำนักงานตำรวจแห่งชาติ","2563","2568","6"
"SCH_G3_0158","user_code","7271071314","ศกร.ตชด.หลวงประกอบนิติสารและท่านผู้หญิงถวิล","สำนักงานตำรวจแห่งชาติ","2563","2568","5"
"SCH_G3_0159","user_code","7271081301","รร.ตชด.สหธนาคารกรุงเทพ","สำนักงานตำรวจแห่งชาติ","2563","2568","6"
"SCH_G3_0160","user_code","7271081302","รร.ตชด.สุนทรเวช","สำนักงานตำรวจแห่งชาติ","2563","2568","5"
"SCH_G3_0161","user_code","7271081310","รร.ตชด.บ้านเรดาร์ *","สำนักงานตำรวจแห่งชาติ","2563","2568","6"
"SCH_G3_0162","user_code","7271081311","รร.ตชด.บ้านทิไล่ป้า","สำนักงานตำรวจแห่งชาติ","2563","2568","6"
"SCH_G3_0163","user_code","7271081315","ศกร.ตชด.ท่านผู้หญิงมณีรัตน์ บุนนาค","สำนักงานตำรวจแห่งชาติ","2563","2568","6"
"SCH_G3_0164","user_code","7276081405","รร.ตชด.นเรศวรบ้านห้วยโสก","สำนักงานตำรวจแห่งชาติ","2563","2568","6"
"SCH_G3_0165","user_code","7276081406","รร.ตชด.บ้านโป่งลึก *","สำนักงานตำรวจแห่งชาติ","2563","2568","6"
"SCH_G3_0166","user_code","7276081412","ศกร.ตชด.อินทรีอาสา","สำนักงานตำรวจแห่งชาติ","2563","2568","6"
"SCH_G3_0167","user_code","7277021403","รร.ตชด.บ้านย่านซื่อ","สำนักงานตำรวจแห่งชาติ","2563","2568","6"
"SCH_G3_0168","user_code","7277051411","ศกร.ตชด.บ้านคีรีล้อม","สำนักงานตำรวจแห่งชาติ","2563","2568","6"
"SCH_G3_0169","user_code","7277061401","รร.ตชด.บ้านเขาจ้าว","สำนักงานตำรวจแห่งชาติ","2563","2568","5"
"SCH_G3_0170","user_code","7277061407","รร.ตชด.บ้านท่าวังหิน","สำนักงานตำรวจแห่งชาติ","2563","2568","6"
"SCH_G3_0171","user_code","7277071404","รร.ตชด.นเรศวรป่าละอู","สำนักงานตำรวจแห่งชาติ","2563","2568","6"
"SCH_G3_0172","user_code","7277071408","รร.ตชด.บ้านแพรกตะคร้อ","สำนักงานตำรวจแห่งชาติ","2563","2568","6"
"SCH_G3_0173","user_code","7277071409","รร.ตชด.บ้านคลองน้อย","สำนักงานตำรวจแห่งชาติ","2563","2568","6"
"SCH_G3_0174","user_code","7277081410","รร.ตชด.บ้านป่าหมาก","สำนักงานตำรวจแห่งชาติ","2563","2568","6"
"SCH_G3_0175","user_code","7280074207","ศกร.ตชด.บ้านหลังอ้ายหมี","สำนักงานตำรวจแห่งชาติ","2563","2568","5"
"SCH_G3_0176","user_code","7280084205","ศกร.ตชด.บ้านห้วยตง","สำนักงานตำรวจแห่งชาติ","2563","2568","5"
"SCH_G3_0177","user_code","7280134204","รร.ตชด.บ้านเขาวัง","สำนักงานตำรวจแห่งชาติ","2566","2568","3"
"SCH_G3_0178","user_code","7281044206","ศกร.ตชด.บ้านแผ่นดินเสมอ","สำนักงานตำรวจแห่งชาติ","2563","2568","6"
"SCH_G3_0179","user_code","7282194103","รร.ตชด.บ้านคลองวาย","สำนักงานตำรวจแห่งชาติ","2563","2568","6"
"SCH_G3_0180","user_code","7284064111","รร.ตชด.บ้านยางโพรง","สำนักงานตำรวจแห่งชาติ","2563","2568","6"
"SCH_G3_0181","user_code","7284074110","รร.ตชด.บ้านกอเตย","สำนักงานตำรวจแห่งชาติ","2563","2568","6"
"SCH_G3_0182","user_code","7284164101","รร.ตชด.เทคนิคมีนบุรีอนุสรณ์ 1","สำนักงานตำรวจแห่งชาติ","2563","2568","6"
"SCH_G3_0183","user_code","7284164109","รร.ตชด.บ้านควนสามัคคี","สำนักงานตำรวจแห่งชาติ","2563","2568","6"
"SCH_G3_0184","user_code","7286024102","รร.ตชด.สันตินิมิตร","สำนักงานตำรวจแห่งชาติ","2563","2568","6"
"SCH_G3_0185","user_code","7286024107","รร.ตชด.บ้านพันวาล","สำนักงานตำรวจแห่งชาติ","2563","2568","6"
"SCH_G3_0186","user_code","7286044106","รร.ตชด.บ้านห้วยเหมือง","สำนักงานตำรวจแห่งชาติ","2563","2568","6"
"SCH_G3_0187","user_code","7286054105","รร.ตชด.สิริราษฎร์","สำนักงานตำรวจแห่งชาติ","2563","2568","6"
"SCH_G3_0188","user_code","7286054108","รร.ตชด.บ้านสวนเพชร","สำนักงานตำรวจแห่งชาติ","2563","2568","6"
"SCH_G3_0189","user_code","7286064112","รร.ตชด.บ้านตะแบกงาม (ตันตระเธียรอุปถัมป์)","สำนักงานตำรวจแห่งชาติ","2563","2568","6"
"SCH_G3_0190","user_code","7290044303","รร.ตชด.เชิญ  พิศลยบุตร","สำนักงานตำรวจแห่งชาติ","2563","2568","6"
"SCH_G3_0191","user_code","7290044310","รร.ตชด.บ้านประกอบออก","สำนักงานตำรวจแห่งชาติ","2563","2568","6"
"SCH_G3_0192","user_code","7290064302","รร.ตชด.มหาราช 1","สำนักงานตำรวจแห่งชาติ","2563","2568","6"
"SCH_G3_0193","user_code","7290064304","รร.ตชด.บ้านสำนักเอาะ","สำนักงานตำรวจแห่งชาติ","2563","2568","6"
"SCH_G3_0194","user_code","7290064308","รร.ตชด.บ้านหาดทราย","สำนักงานตำรวจแห่งชาติ","2563","2568","6"
"SCH_G3_0195","user_code","7290104301","รร.ตชด.สื่อมวลชนกีฬา","สำนักงานตำรวจแห่งชาติ","2563","2568","6"
"SCH_G3_0196","user_code","7290104305","รร.ตชด.บ้านชายควน","สำนักงานตำรวจแห่งชาติ","2563","2568","6"
"SCH_G3_0197","user_code","7290104307","โรงเรียน ตชด.พลตำรวจเอกสมศักดิ์ แขวงโสภา(บ้านทุ่งสบายใจ)","สำนักงานตำรวจแห่งชาติ","2563","2568","6"
"SCH_G3_0198","user_code","7290104315","รร.ตชด.บ้านบาโรย","สำนักงานตำรวจแห่งชาติ","2563","2568","6"
"SCH_G3_0199","user_code","7290104316","รร.ตชด.พลเอกนวล-คุณหญิงบานชื่น จันทร์ตรี","สำนักงานตำรวจแห่งชาติ","2563","2568","6"
"SCH_G3_0200","user_code","7291034311","รร.ตชด.ยูงทองรัฐประชาสรรค์","สำนักงานตำรวจแห่งชาติ","2563","2568","6"
"SCH_G3_0201","user_code","7291034314","รร.ตชด.บ้านส้านแดง","สำนักงานตำรวจแห่งชาติ","2563","2568","6"
"SCH_G3_0202","user_code","7292044309","รร.ตชด.สันติราษฎร์ประชาบำรุง","สำนักงานตำรวจแห่งชาติ","2563","2568","6"
"SCH_G3_0203","user_code","7292044312","รร.ตชด.บ้านหินจอก","สำนักงานตำรวจแห่งชาติ","2563","2568","6"
"SCH_G3_0204","user_code","7293104313","รร.ตชด.บ้านควนตะแบก","สำนักงานตำรวจแห่งชาติ","2563","2568","6"
"SCH_G3_0205","user_code","7294054410","รร.ตชด.พีระยานุเคราะห์ฯ 4","สำนักงานตำรวจแห่งชาติ","2563","2566","2"
"SCH_G3_0206","user_code","7295014412","รร.ตชด.เฉลิมพระเกียรติ 50 พรรษาฯ","สำนักงานตำรวจแห่งชาติ","2563","2568","5"
"SCH_G3_0207","user_code","7295034413","ศกร.ตชด.บ้านภักดี","สำนักงานตำรวจแห่งชาติ","2563","2568","5"
"SCH_G3_0208","user_code","7295044401","รร.ตชด.สังวาลย์วิท 4","สำนักงานตำรวจแห่งชาติ","2563","2568","5"
"SCH_G3_0209","user_code","7295044403","รร.ตชด.นิคมพิทักษ์ราษฎร์","สำนักงานตำรวจแห่งชาติ","2563","2568","5"
"SCH_G3_0210","user_code","7295044404","รร.ตชด.บ้านปาโจแมเราะ","สำนักงานตำรวจแห่งชาติ","2563","2568","5"
"SCH_G3_0211","user_code","7295054402","รร.ตชด.โรงงานยาสูบ 2","สำนักงานตำรวจแห่งชาติ","2566","2568","3"
"SCH_G3_0212","user_code","7296064411","รร.ตชด.การท่าอากาศยานฯ","สำนักงานตำรวจแห่งชาติ","2563","2568","5"
"SCH_G3_0213","user_code","7296074407","รร.ตชด.บ้านตืองอช่างกลปทุมวันอนุสรณ์ 13","สำนักงานตำรวจแห่งชาติ","2563","2568","5"
"SCH_G3_0214","user_code","7296074408","รร.ตชด.บ้านละโอ","สำนักงานตำรวจแห่งชาติ","2563","2568","4"
"SCH_G3_0215","user_code","7296094409","รร.ตชด.บ้านลีนานนท์","สำนักงานตำรวจแห่งชาติ","2563","2568","5"
"SCH_G3_0216","user_code","7296124405","รร.ตชด.บ้านไอร์บือแต","สำนักงานตำรวจแห่งชาติ","2563","2568","5"
