"sheet_name","column_name","role","data_type","description"
"model_dataset_benchmark","ministry","feature","string_or_numeric","Benchmark feature: ministry"
"model_dataset_benchmark","affiliation_1","feature","string_or_numeric","Benchmark feature: affiliation_1"
"model_dataset_benchmark","affiliation_2","feature","string_or_numeric","Benchmark feature: affiliation_2"
"model_dataset_benchmark","affiliation_3","feature","string_or_numeric","Benchmark feature: affiliation_3"
"model_dataset_benchmark","indicator_1_1_1","feature","string_or_numeric","Benchmark feature: indicator_1_1_1"
"model_dataset_benchmark","indicator_1_1_2","feature","string_or_numeric","Benchmark feature: indicator_1_1_2"
"model_dataset_benchmark","indicator_1_1_3","feature","string_or_numeric","Benchmark feature: indicator_1_1_3"
"model_dataset_benchmark","indicator_1_2_1","feature","string_or_numeric","Benchmark feature: indicator_1_2_1"
"model_dataset_benchmark","indicator_1_2_2","feature","string_or_numeric","Benchmark feature: indicator_1_2_2"
"model_dataset_benchmark","indicator_1_2_3","feature","string_or_numeric","Benchmark feature: indicator_1_2_3"
"model_dataset_benchmark","indicator_1_2_4","feature","string_or_numeric","Benchmark feature: indicator_1_2_4"
"model_dataset_benchmark","indicator_1_3_1","feature","string_or_numeric","Benchmark feature: indicator_1_3_1"
"model_dataset_benchmark","indicator_1_3_2","feature","string_or_numeric","Benchmark feature: indicator_1_3_2"
"model_dataset_benchmark","indicator_1_3_3","feature","string_or_numeric","Benchmark feature: indicator_1_3_3"
"model_dataset_benchmark","indicator_1_3_4","feature","string_or_numeric","Benchmark feature: indicator_1_3_4"
"model_dataset_benchmark","indicator_1_3_5","feature","string_or_numeric","Benchmark feature: indicator_1_3_5"
"model_dataset_benchmark","indicator_1_3_6","feature","string_or_numeric","Benchmark feature: indicator_1_3_6"
"model_dataset_benchmark","indicator_1_3_7","feature","string_or_numeric","Benchmark feature: indicator_1_3_7"
"model_dataset_benchmark","indicator_1_3_8","feature","string_or_numeric","Benchmark feature: indicator_1_3_8"
"model_dataset_benchmark","indicator_1_4_1","feature","string_or_numeric","Benchmark feature: indicator_1_4_1"
"model_dataset_benchmark","indicator_1_4_2","feature","string_or_numeric","Benchmark feature: indicator_1_4_2"
"model_dataset_benchmark","indicator_1_4_3","feature","string_or_numeric","Benchmark feature: indicator_1_4_3"
"model_dataset_benchmark","indicator_1_4_4","feature","string_or_numeric","Benchmark feature: indicator_1_4_4"
"model_dataset_benchmark","indicator_1_4_5","feature","string_or_numeric","Benchmark feature: indicator_1_4_5"
"model_dataset_benchmark","indicator_1_4_6","feature","string_or_numeric","Benchmark feature: indicator_1_4_6"
"model_dataset_benchmark","indicator_1_4_7","feature","string_or_numeric","Benchmark feature: indicator_1_4_7"
"model_dataset_benchmark","indicator_1_5_1","feature","string_or_numeric","Benchmark feature: indicator_1_5_1"
"model_dataset_benchmark","indicator_1_5_2","feature","string_or_numeric","Benchmark feature: indicator_1_5_2"
"model_dataset_benchmark","indicator_1_5_3","feature","string_or_numeric","Benchmark feature: indicator_1_5_3"
"model_dataset_benchmark","indicator_1_5_4","feature","string_or_numeric","Benchmark feature: indicator_1_5_4"
"model_dataset_benchmark","indicator_2_1_1","feature","string_or_numeric","Benchmark feature: indicator_2_1_1"
"model_dataset_benchmark","indicator_2_1_2","feature","string_or_numeric","Benchmark feature: indicator_2_1_2"
"model_dataset_benchmark","indicator_2_1_3","feature","string_or_numeric","Benchmark feature: indicator_2_1_3"
"model_dataset_benchmark","indicator_2_1_4","feature","string_or_numeric","Benchmark feature: indicator_2_1_4"
"model_dataset_benchmark","indicator_2_1_5","feature","string_or_numeric","Benchmark feature: indicator_2_1_5"
"model_dataset_benchmark","indicator_2_2_1","feature","string_or_numeric","Benchmark feature: indicator_2_2_1"
"model_dataset_benchmark","indicator_2_2_2","feature","string_or_numeric","Benchmark feature: indicator_2_2_2"
"model_dataset_benchmark","indicator_2_2_3","feature","string_or_numeric","Benchmark feature: indicator_2_2_3"
"model_dataset_benchmark","indicator_2_2_4","feature","string_or_numeric","Benchmark feature: indicator_2_2_4"
"model_dataset_benchmark","indicator_2_2_5","feature","string_or_numeric","Benchmark feature: indicator_2_2_5"
"model_dataset_benchmark","indicator_2_3_1","feature","string_or_numeric","Benchmark feature: indicator_2_3_1"
"model_dataset_benchmark","indicator_2_3_2","feature","string_or_numeric","Benchmark feature: indicator_2_3_2"
"model_dataset_benchmark","indicator_2_3_3","feature","string_or_numeric","Benchmark feature: indicator_2_3_3"
"model_dataset_benchmark","indicator_2_3_4","feature","string_or_numeric","Benchmark feature: indicator_2_3_4"
"model_dataset_benchmark","indicator_2_3_5","feature","string_or_numeric","Benchmark feature: indicator_2_3_5"
"model_dataset_benchmark","indicator_2_4_1","feature","string_or_numeric","Benchmark feature: indicator_2_4_1"
"model_dataset_benchmark","indicator_2_4_2","feature","string_or_numeric","Benchmark feature: indicator_2_4_2"
"model_dataset_benchmark","indicator_2_4_3","feature","string_or_numeric","Benchmark feature: indicator_2_4_3"
"model_dataset_benchmark","indicator_2_5_1","feature","string_or_numeric","Benchmark feature: indicator_2_5_1"
"model_dataset_benchmark","indicator_2_5_2","feature","string_or_numeric","Benchmark feature: indicator_2_5_2"
"model_dataset_benchmark","indicator_3_1_1ก","feature","string_or_numeric","Benchmark feature: indicator_3_1_1ก"
"model_dataset_benchmark","indicator_3_2_1ก","feature","string_or_numeric","Benchmark feature: indicator_3_2_1ก"
"model_dataset_benchmark","indicator_3_2_2ก","feature","string_or_numeric","Benchmark feature: indicator_3_2_2ก"
"model_dataset_benchmark","indicator_3_2_3ก","feature","string_or_numeric","Benchmark feature: indicator_3_2_3ก"
"model_dataset_benchmark","indicator_3_2_4ก","feature","string_or_numeric","Benchmark feature: indicator_3_2_4ก"
"model_dataset_benchmark","indicator_3_2_5ก","feature","string_or_numeric","Benchmark feature: indicator_3_2_5ก"
"model_dataset_benchmark","indicator_3_2_6ก","feature","string_or_numeric","Benchmark feature: indicator_3_2_6ก"
"model_dataset_benchmark","indicator_3_1_1ข","feature","string_or_numeric","Benchmark feature: indicator_3_1_1ข"
"model_dataset_benchmark","indicator_3_1_2ข","feature","string_or_numeric","Benchmark feature: indicator_3_1_2ข"
"model_dataset_benchmark","indicator_3_1_3ข","feature","string_or_numeric","Benchmark feature: indicator_3_1_3ข"
"model_dataset_benchmark","indicator_3_2_1ข","feature","string_or_numeric","Benchmark feature: indicator_3_2_1ข"
"model_dataset_benchmark","indicator_3_3_1ข","feature","string_or_numeric","Benchmark feature: indicator_3_3_1ข"
"model_dataset_benchmark","indicator_3_3_2ข","feature","string_or_numeric","Benchmark feature: indicator_3_3_2ข"
"model_dataset_benchmark","indicator_3_4_1ข","feature","string_or_numeric","Benchmark feature: indicator_3_4_1ข"
"model_dataset_benchmark","indicator_3_4_2ข","feature","string_or_numeric","Benchmark feature: indicator_3_4_2ข"
"model_dataset_benchmark","indicator_3_4_3ข","feature","string_or_numeric","Benchmark feature: indicator_3_4_3ข"
"model_dataset_benchmark","indicator_3_5_1ข","feature","string_or_numeric","Benchmark feature: indicator_3_5_1ข"
"model_dataset_benchmark","indicator_3_5_2ข","feature","string_or_numeric","Benchmark feature: indicator_3_5_2ข"
"model_dataset_benchmark","indicator_3_5_3ข","feature","string_or_numeric","Benchmark feature: indicator_3_5_3ข"
"model_dataset_benchmark","indicator_3_5_4ข","feature","string_or_numeric","Benchmark feature: indicator_3_5_4ข"
"model_dataset_benchmark","indicator_3_5_5ข","feature","string_or_numeric","Benchmark feature: indicator_3_5_5ข"
"model_dataset_benchmark","indicator_3_6_1ข","feature","string_or_numeric","Benchmark feature: indicator_3_6_1ข"
"model_dataset_benchmark","indicator_3_6_2ข","feature","string_or_numeric","Benchmark feature: indicator_3_6_2ข"
"model_dataset_benchmark","indicator_3_6_3ข","feature","string_or_numeric","Benchmark feature: indicator_3_6_3ข"
"model_dataset_benchmark","indicator_3_6_4ข","feature","string_or_numeric","Benchmark feature: indicator_3_6_4ข"
"model_dataset_benchmark","indicator_3_7_1ข","feature","string_or_numeric","Benchmark feature: indicator_3_7_1ข"
"model_dataset_benchmark","indicator_3_7_2ข","feature","string_or_numeric","Benchmark feature: indicator_3_7_2ข"
"model_dataset_benchmark","indicator_3_7_3ข","feature","string_or_numeric","Benchmark feature: indicator_3_7_3ข"
"model_dataset_benchmark","indicator_3_7_4ข","feature","string_or_numeric","Benchmark feature: indicator_3_7_4ข"
"model_dataset_benchmark","target_label","target","string_or_numeric","Benchmark target: target_label"
"model_dataset_benchmark","Quality_level","target","string_or_numeric","Benchmark target: Quality_level"
"model_dataset_leakage_safe","assessment_year_be","feature","string_or_numeric","Leakage-safe feature: assessment_year_be"
"model_dataset_leakage_safe","assessment_year_ce","feature","string_or_numeric","Leakage-safe feature: assessment_year_ce"
"model_dataset_leakage_safe","ministry","feature","string_or_numeric","Leakage-safe feature: ministry"
"model_dataset_leakage_safe","affiliation_1","feature","string_or_numeric","Leakage-safe feature: affiliation_1"
"model_dataset_leakage_safe","affiliation_2","feature","string_or_numeric","Leakage-safe feature: affiliation_2"
"model_dataset_leakage_safe","affiliation_3","feature","string_or_numeric","Leakage-safe feature: affiliation_3"
"model_dataset_leakage_safe","center_age_years","feature","string_or_numeric","Leakage-safe feature: center_age_years"
"model_dataset_leakage_safe","prev_indicator_1_1_1","feature","string_or_numeric","Leakage-safe feature: prev_indicator_1_1_1"
"model_dataset_leakage_safe","prev_indicator_1_1_2","feature","string_or_numeric","Leakage-safe feature: prev_indicator_1_1_2"
"model_dataset_leakage_safe","prev_indicator_1_1_3","feature","string_or_numeric","Leakage-safe feature: prev_indicator_1_1_3"
"model_dataset_leakage_safe","prev_indicator_1_2_1","feature","string_or_numeric","Leakage-safe feature: prev_indicator_1_2_1"
"model_dataset_leakage_safe","prev_indicator_1_2_2","feature","string_or_numeric","Leakage-safe feature: prev_indicator_1_2_2"
"model_dataset_leakage_safe","prev_indicator_1_2_3","feature","string_or_numeric","Leakage-safe feature: prev_indicator_1_2_3"
"model_dataset_leakage_safe","prev_indicator_1_2_4","feature","string_or_numeric","Leakage-safe feature: prev_indicator_1_2_4"
"model_dataset_leakage_safe","prev_indicator_1_3_1","feature","string_or_numeric","Leakage-safe feature: prev_indicator_1_3_1"
"model_dataset_leakage_safe","prev_indicator_1_3_2","feature","string_or_numeric","Leakage-safe feature: prev_indicator_1_3_2"
"model_dataset_leakage_safe","prev_indicator_1_3_3","feature","string_or_numeric","Leakage-safe feature: prev_indicator_1_3_3"
"model_dataset_leakage_safe","prev_indicator_1_3_4","feature","string_or_numeric","Leakage-safe feature: prev_indicator_1_3_4"
"model_dataset_leakage_safe","prev_indicator_1_3_5","feature","string_or_numeric","Leakage-safe feature: prev_indicator_1_3_5"
"model_dataset_leakage_safe","prev_indicator_1_3_6","feature","string_or_numeric","Leakage-safe feature: prev_indicator_1_3_6"
"model_dataset_leakage_safe","prev_indicator_1_3_7","feature","string_or_numeric","Leakage-safe feature: prev_indicator_1_3_7"
"model_dataset_leakage_safe","prev_indicator_1_3_8","feature","string_or_numeric","Leakage-safe feature: prev_indicator_1_3_8"
"model_dataset_leakage_safe","prev_indicator_1_4_1","feature","string_or_numeric","Leakage-safe feature: prev_indicator_1_4_1"
"model_dataset_leakage_safe","prev_indicator_1_4_2","feature","string_or_numeric","Leakage-safe feature: prev_indicator_1_4_2"
"model_dataset_leakage_safe","prev_indicator_1_4_3","feature","string_or_numeric","Leakage-safe feature: prev_indicator_1_4_3"
"model_dataset_leakage_safe","prev_indicator_1_4_4","feature","string_or_numeric","Leakage-safe feature: prev_indicator_1_4_4"
"model_dataset_leakage_safe","prev_indicator_1_4_5","feature","string_or_numeric","Leakage-safe feature: prev_indicator_1_4_5"
"model_dataset_leakage_safe","prev_indicator_1_4_6","feature","string_or_numeric","Leakage-safe feature: prev_indicator_1_4_6"
"model_dataset_leakage_safe","prev_indicator_1_4_7","feature","string_or_numeric","Leakage-safe feature: prev_indicator_1_4_7"
"model_dataset_leakage_safe","prev_indicator_1_5_1","feature","string_or_numeric","Leakage-safe feature: prev_indicator_1_5_1"
"model_dataset_leakage_safe","prev_indicator_1_5_2","feature","string_or_numeric","Leakage-safe feature: prev_indicator_1_5_2"
"model_dataset_leakage_safe","prev_indicator_1_5_3","feature","string_or_numeric","Leakage-safe feature: prev_indicator_1_5_3"
"model_dataset_leakage_safe","prev_indicator_1_5_4","feature","string_or_numeric","Leakage-safe feature: prev_indicator_1_5_4"
"model_dataset_leakage_safe","prev_indicator_2_1_1","feature","string_or_numeric","Leakage-safe feature: prev_indicator_2_1_1"
"model_dataset_leakage_safe","prev_indicator_2_1_2","feature","string_or_numeric","Leakage-safe feature: prev_indicator_2_1_2"
"model_dataset_leakage_safe","prev_indicator_2_1_3","feature","string_or_numeric","Leakage-safe feature: prev_indicator_2_1_3"
"model_dataset_leakage_safe","prev_indicator_2_1_4","feature","string_or_numeric","Leakage-safe feature: prev_indicator_2_1_4"
"model_dataset_leakage_safe","prev_indicator_2_1_5","feature","string_or_numeric","Leakage-safe feature: prev_indicator_2_1_5"
"model_dataset_leakage_safe","prev_indicator_2_2_1","feature","string_or_numeric","Leakage-safe feature: prev_indicator_2_2_1"
"model_dataset_leakage_safe","prev_indicator_2_2_2","feature","string_or_numeric","Leakage-safe feature: prev_indicator_2_2_2"
"model_dataset_leakage_safe","prev_indicator_2_2_3","feature","string_or_numeric","Leakage-safe feature: prev_indicator_2_2_3"
"model_dataset_leakage_safe","prev_indicator_2_2_4","feature","string_or_numeric","Leakage-safe feature: prev_indicator_2_2_4"
"model_dataset_leakage_safe","prev_indicator_2_2_5","feature","string_or_numeric","Leakage-safe feature: prev_indicator_2_2_5"
"model_dataset_leakage_safe","prev_indicator_2_3_1","feature","string_or_numeric","Leakage-safe feature: prev_indicator_2_3_1"
"model_dataset_leakage_safe","prev_indicator_2_3_2","feature","string_or_numeric","Leakage-safe feature: prev_indicator_2_3_2"
"model_dataset_leakage_safe","prev_indicator_2_3_3","feature","string_or_numeric","Leakage-safe feature: prev_indicator_2_3_3"
"model_dataset_leakage_safe","prev_indicator_2_3_4","feature","string_or_numeric","Leakage-safe feature: prev_indicator_2_3_4"
"model_dataset_leakage_safe","prev_indicator_2_3_5","feature","string_or_numeric","Leakage-safe feature: prev_indicator_2_3_5"
"model_dataset_leakage_safe","prev_indicator_2_4_1","feature","string_or_numeric","Leakage-safe feature: prev_indicator_2_4_1"
"model_dataset_leakage_safe","prev_indicator_2_4_2","feature","string_or_numeric","Leakage-safe feature: prev_indicator_2_4_2"
"model_dataset_leakage_safe","prev_indicator_2_4_3","feature","string_or_numeric","Leakage-safe feature: prev_indicator_2_4_3"
"model_dataset_leakage_safe","prev_indicator_2_5_1","feature","string_or_numeric","Leakage-safe feature: prev_indicator_2_5_1"
"model_dataset_leakage_safe","prev_indicator_2_5_2","feature","string_or_numeric","Leakage-safe feature: prev_indicator_2_5_2"
"model_dataset_leakage_safe","prev_indicator_3_1_1ก","feature","string_or_numeric","Leakage-safe feature: prev_indicator_3_1_1ก"
"model_dataset_leakage_safe","prev_indicator_3_2_1ก","feature","string_or_numeric","Leakage-safe feature: prev_indicator_3_2_1ก"
"model_dataset_leakage_safe","prev_indicator_3_2_2ก","feature","string_or_numeric","Leakage-safe feature: prev_indicator_3_2_2ก"
"model_dataset_leakage_safe","prev_indicator_3_2_3ก","feature","string_or_numeric","Leakage-safe feature: prev_indicator_3_2_3ก"
"model_dataset_leakage_safe","prev_indicator_3_2_4ก","feature","string_or_numeric","Leakage-safe feature: prev_indicator_3_2_4ก"
"model_dataset_leakage_safe","prev_indicator_3_2_5ก","feature","string_or_numeric","Leakage-safe feature: prev_indicator_3_2_5ก"
"model_dataset_leakage_safe","prev_indicator_3_2_6ก","feature","string_or_numeric","Leakage-safe feature: prev_indicator_3_2_6ก"
"model_dataset_leakage_safe","prev_indicator_3_1_1ข","feature","string_or_numeric","Leakage-safe feature: prev_indicator_3_1_1ข"
"model_dataset_leakage_safe","prev_indicator_3_1_2ข","feature","string_or_numeric","Leakage-safe feature: prev_indicator_3_1_2ข"
"model_dataset_leakage_safe","prev_indicator_3_1_3ข","feature","string_or_numeric","Leakage-safe feature: prev_indicator_3_1_3ข"
"model_dataset_leakage_safe","prev_indicator_3_2_1ข","feature","string_or_numeric","Leakage-safe feature: prev_indicator_3_2_1ข"
"model_dataset_leakage_safe","prev_indicator_3_3_1ข","feature","string_or_numeric","Leakage-safe feature: prev_indicator_3_3_1ข"
"model_dataset_leakage_safe","prev_indicator_3_3_2ข","feature","string_or_numeric","Leakage-safe feature: prev_indicator_3_3_2ข"
"model_dataset_leakage_safe","prev_indicator_3_4_1ข","feature","string_or_numeric","Leakage-safe feature: prev_indicator_3_4_1ข"
"model_dataset_leakage_safe","prev_indicator_3_4_2ข","feature","string_or_numeric","Leakage-safe feature: prev_indicator_3_4_2ข"
"model_dataset_leakage_safe","prev_indicator_3_4_3ข","feature","string_or_numeric","Leakage-safe feature: prev_indicator_3_4_3ข"
"model_dataset_leakage_safe","prev_indicator_3_5_1ข","feature","string_or_numeric","Leakage-safe feature: prev_indicator_3_5_1ข"
"model_dataset_leakage_safe","prev_indicator_3_5_2ข","feature","string_or_numeric","Leakage-safe feature: prev_indicator_3_5_2ข"
"model_dataset_leakage_safe","prev_indicator_3_5_3ข","feature","string_or_numeric","Leakage-safe feature: prev_indicator_3_5_3ข"
"model_dataset_leakage_safe","prev_indicator_3_5_4ข","feature","string_or_numeric","Leakage-safe feature: prev_indicator_3_5_4ข"
"model_dataset_leakage_safe","prev_indicator_3_5_5ข","feature","string_or_numeric","Leakage-safe feature: prev_indicator_3_5_5ข"
"model_dataset_leakage_safe","prev_indicator_3_6_1ข","feature","string_or_numeric","Leakage-safe feature: prev_indicator_3_6_1ข"
"model_dataset_leakage_safe","prev_indicator_3_6_2ข","feature","string_or_numeric","Leakage-safe feature: prev_indicator_3_6_2ข"
"model_dataset_leakage_safe","prev_indicator_3_6_3ข","feature","string_or_numeric","Leakage-safe feature: prev_indicator_3_6_3ข"
"model_dataset_leakage_safe","prev_indicator_3_6_4ข","feature","string_or_numeric","Leakage-safe feature: prev_indicator_3_6_4ข"
"model_dataset_leakage_safe","prev_indicator_3_7_1ข","feature","string_or_numeric","Leakage-safe feature: prev_indicator_3_7_1ข"
"model_dataset_leakage_safe","prev_indicator_3_7_2ข","feature","string_or_numeric","Leakage-safe feature: prev_indicator_3_7_2ข"
"model_dataset_leakage_safe","prev_indicator_3_7_3ข","feature","string_or_numeric","Leakage-safe feature: prev_indicator_3_7_3ข"
"model_dataset_leakage_safe","prev_indicator_3_7_4ข","feature","string_or_numeric","Leakage-safe feature: prev_indicator_3_7_4ข"
"model_dataset_leakage_safe","prev_ImproveScore","feature","string_or_numeric","Leakage-safe feature: prev_ImproveScore"
"model_dataset_leakage_safe","prev_Quality_level","feature","string_or_numeric","Leakage-safe feature: prev_Quality_level"
"model_dataset_leakage_safe","prev_target_label","feature","string_or_numeric","Leakage-safe feature: prev_target_label"
"model_dataset_leakage_safe","past_2yr_fail_rate","feature","string_or_numeric","Leakage-safe feature: past_2yr_fail_rate"
"model_dataset_leakage_safe","past_3yr_avg_ImproveScore","feature","string_or_numeric","Leakage-safe feature: past_3yr_avg_ImproveScore"
"model_dataset_leakage_safe","consecutive_pass_years","feature","string_or_numeric","Leakage-safe feature: consecutive_pass_years"
"model_dataset_leakage_safe","consecutive_fail_years","feature","string_or_numeric","Leakage-safe feature: consecutive_fail_years"
"model_dataset_leakage_safe","ever_failed_before","feature","string_or_numeric","Leakage-safe feature: ever_failed_before"
"model_dataset_leakage_safe","target_label","target","string_or_numeric","Leakage-safe target: target_label"
"model_dataset_leakage_safe","Quality_level","target","string_or_numeric","Leakage-safe target: Quality_level"
